{
  "__version__": "1.3.3",
  "splash-setting": {
    "url": "project://assets/textures/login/Logo.png",
    "displayWatermark": false,
    "clearColor": {
      "x": 0.2901960784313726,
      "y": 0.6627450980392157,
      "z": 0.796078431372549,
      "w": 1
    }
  }
}
